Category,Subcategory1,Subcategory2,Subcategory3
ELECTRONICS,BATTERIES,,
ELECTRONICS,CARBON AND GRAPHITE ITEMS,,
ELECTRONICS,CONNECTORS,,
ELECTRONICS,GENERAL COMPONENTS,,
ELECTRONICS,MISC EQUIPMENT,,
ELECTRONICS,PCB ASSEMBLY,,
ELECTRONICS,PCBS,,
ELECTRONICS,SEMICONDUCTOR COMPONENTS,,
ELECTRONICS,WIRE AND CABLE,FIBER OPTIC CABLE,
ELECTRONICS,WIRING DEVICES,,
FACILITIES,EQUIPMENT RENTAL,,
FACILITIES,FACILITIES MANAGEMENT,,
FACILITIES,FORKLIFTS/MHE,,
FACILITIES,JANITORIAL SERVICES,,
FACILITIES,LANDSCAPING/SNOW REMOVAL,,
FACILITIES,ADDITIONAL FACILITIES,,
FACILITIES,ADDITIONAL ITEM RENTAL,,
FACILITIES,PEST CONTROL,,
FACILITIES,SECURITY,SECURITY GUARDS,
FACILITIES,SECURITY,SECURITY SYSTEMS,
FACILITIES,UNIFORMS/MATS/FIRE/FA&S,,
FACILITIES,UTILITIES,NATURAL GAS/ELECTRICITY,
FACILITIES,UTILITIES,OTHER UTILITIES,
FACILITIES,UTILITIES,WATER,
FACILITIES,VENDING SERVICES,,
FACILITIES,WASTE SERVICES,DOCUMENT MANAGEMENT/SHREDDING,
FACILITIES,WASTE SERVICES,HAZARDOUS WASTE,
FACILITIES,WASTE SERVICES,NONHAZARDOUS WASTE,
FACILITIES,WASTE SERVICES,OTHER WASTE SERVICES,
FACILITIES,WASTE SERVICES,REMEDIATION,
FACILITIES,WASTE SERVICES,SCRAP SERVICES,
FACILITIES,WASTE SERVICES,SEPTIC SERVICE,
FACILITIES,WASTE SERVICES,SOLID WASTE/RECYCLING,
HR,BACKGROUND CHECKS/DRUG TESTS,DRUG TESTS,
HR,CONTRACT LABOR/STAFFING,FINANCE/ACCOUNTING STAFFING,
HR,CONTRACT LABOR/STAFFING,HEALTHCARE STAFFING,
HR,CONTRACT LABOR/STAFFING,INDUSTRIAL/GENERAL STAFFING,
HR,CONTRACT LABOR/STAFFING,IT STAFFING,
HR,CONTRACT LABOR/STAFFING,ON DEMAND/FREELANCE STAFFING,
HR,CONTRACT LABOR/STAFFING,PROFESSIONAL/TECHNICAL STAFFING,ENGINEERING STAFFING
HR,CONTRACT LABOR/STAFFING,PROFESSIONAL/TECHNICAL STAFFING,LEGAL STAFFING
HR,CONTRACT LABOR/STAFFING,SPECIALTY STAFFING,AGRICULTURE STAFFING
HR,EMPLOYEE BENEFITS,TRAINING/PROFESSIONAL CERTIFICATION,ADVANCED EDUCATION
HR,EMPLOYEE BENEFITS,TRAINING/PROFESSIONAL CERTIFICATION,EXECUTIVE EDUCATION
HR,EMPLOYEE BENEFITS,TRAINING/PROFESSIONAL CERTIFICATION,IT TRAINING
HR,EMPLOYEE BENEFITS,TRAINING/PROFESSIONAL CERTIFICATION,LANGUAGE TRAINING
HR,EMPLOYEE BENEFITS,TRAINING/PROFESSIONAL CERTIFICATION,LEADERSHIP TRAINING
HR,EMPLOYEE BENEFITS,TRAINING/PROFESSIONAL CERTIFICATION,ELEMENTARY/SECONDARY SCHOOL
HR,EMPLOYEE BENEFITS,TRAINING/PROFESSIONAL CERTIFICATION,OTHER TRAINING
HR,EMPLOYEE BENEFITS,TRAINING/PROFESSIONAL CERTIFICATION,TECHNICAL/TRADES
HR,EMPLOYEE BENEFITS,EMPLOYER CONTRIBUTIONS,401K
HR,PAYROLL SERVICES,,
HR,RECRUITMENT,,
IT/TELECOM,IT HARDWARE,COMPUTERS AND PERIPHERALS,
IT/TELECOM,IT HARDWARE,DATA/STORAGE,
IT/TELECOM,IT HARDWARE,NETWORKING/ROUTING,
IT/TELECOM,IT HARDWARE,PHONE AND VIDEO CONFERENCING,
IT/TELECOM,IT HARDWARE,TELECOM EQUIPMENT,
IT/TELECOM,IT HARDWARE,VIDEO/BROADCAST EQUIPMENT,
IT/TELECOM,IT SERVICES,IT PROGRAMMING,
IT/TELECOM,IT SERVICES,MANAGED IT SERVICES,
IT/TELECOM,IT SERVICES,SYSTEMS DESIGN,
IT/TELECOM,IT SOFTWARE,,
IT/TELECOM,CLOUD AND HOSTING,,
IT/TELECOM,STAFFING,,
IT/TELECOM,TELECOM,CALL CENTERS,
IT/TELECOM,TELECOM,CELLULAR,
IT/TELECOM,TELECOM,LANDLINE,
IT/TELECOM,TELECOM,SATELLITE,
IT/TELECOM,VAR/RESELLER/PROCUREMENT BROKER,,
LOGISTICS,AIR FREIGHT,,
LOGISTICS,AIRPORT OPERATIONS SERVICES,,
LOGISTICS,COURIER/LAST MILE,,
LOGISTICS,FLEET CARD,,
LOGISTICS,FREIGHT FORWARDING/CUSTOMS,,
LOGISTICS,INTERMODAL/RAIL,,
LOGISTICS,LOGISTICS SERVICES,FREIGHT BILL PAY/AUDIT,
LOGISTICS,LOGISTICS SERVICES,TMS TRANSPORTATION MANAGEMENT SYSTEM,
LOGISTICS,OCEAN,,
LOGISTICS,PIPELINE,CRUDE,
LOGISTICS,PIPELINE,NATURAL GAS,
LOGISTICS,PIPELINE,OTHER PIPELINE,
LOGISTICS,PORT OPERATIONS SERVICES,,
LOGISTICS,POSTAGE,,
LOGISTICS,RAIL OPERATIONS SERVICES,,
LOGISTICS,SMALL PARCEL,,
LOGISTICS,TOWING,,
LOGISTICS,TRUCKING,3PL,
LOGISTICS,TRUCKING,DEDICATED FLEET,TRUCK/TRAILER LEASE
LOGISTICS,TRUCKING,FULL TRUCKLOAD,
LOGISTICS,TRUCKING,LESS THAN TRUCKLOAD LTL,
LOGISTICS,TRUCKING,SPECIALTY TRUCKING,
LOGISTICS,WAREHOUSING,FOOD WAREHOUSING,
LOGISTICS,WAREHOUSING,GENERAL WAREHOUSING,
LOGISTICS,WAREHOUSING,REFRIGERATED WAREHOUSING,
MANUFACTURED ITEMS,CLAY MATERIAL,,
MANUFACTURED ITEMS,GLASS,BLOWN GLASS,
MANUFACTURED ITEMS,GLASS,FLAT GLASS,
MANUFACTURED ITEMS,GLASS,GLASS CONTAINERS,
MANUFACTURED ITEMS,GLASS,OTHER GLASS,
MANUFACTURED ITEMS,MANUFACTURED WOOD PRODUCTS,MILLED WOOD,CUSTOM MILLED WOOD
MANUFACTURED ITEMS,MANUFACTURED WOOD PRODUCTS,PREFABBED HOMES,
MANUFACTURED ITEMS,METAL PARTS,CASTINGS,ALUMINUM CASTINGS
MANUFACTURED ITEMS,METAL PARTS,CASTINGS,NONFERROUS CASTINGS
MANUFACTURED ITEMS,METAL PARTS,CASTINGS,STEEL CASTINGS
MANUFACTURED ITEMS,METAL PARTS,FORGINGS/STAMPINGS,ROLL FORMING
MANUFACTURED ITEMS,METAL PARTS,FORMED PARTS,
MANUFACTURED ITEMS,METAL PARTS,MACHINED PARTS,
MANUFACTURED ITEMS,METAL PARTS,METAL EXTRUSIONS,
MANUFACTURED ITEMS,METAL PARTS,OTHER METAL PARTS,
MANUFACTURED ITEMS,METAL PARTS,SHEET METAL,
MANUFACTURED ITEMS,PETROLEUM PRODUCTS,ASPHALT,
MANUFACTURED ITEMS,PETROLEUM PRODUCTS,ASPHALT SHINGLES,
MANUFACTURED ITEMS,PETROLEUM PRODUCTS,OIL/GREASE,
MANUFACTURED ITEMS,PETROLEUM PRODUCTS,OTHER PRETROLEUM PRODUCTS,
MANUFACTURED ITEMS,PETROLEUM PRODUCTS,REFINED PRODUCTS,
MANUFACTURED ITEMS,PLASTICS PARTS,3D PRINTED PARTS,
MANUFACTURED ITEMS,PLASTICS PARTS,BLOW MOLDED PARTS,
MANUFACTURED ITEMS,PLASTICS PARTS,EXTRUDED PLASTIC PARTS,
MANUFACTURED ITEMS,PLASTICS PARTS,FILM,OTHER FILMS
MANUFACTURED ITEMS,PLASTICS PARTS,INJECTION MOLDED PARTS,
MANUFACTURED ITEMS,PLASTICS PARTS,OTHER PLASTIC PARTS,
MANUFACTURED ITEMS,PLASTICS PARTS,ROTOMOLDED PARTS,
MANUFACTURED ITEMS,PLASTICS PARTS,THERMOFORMED PARTS,
MANUFACTURED ITEMS,PLASTICS PARTS,VACUUM FORMED PARTS,
MANUFACTURED ITEMS,SURGICAL EQUIPMENT,FORCEPS,FORCEP SUPPLIERS
MARKETING,AGENCY/CREATIVE,,
MARKETING,DIGITAL MARKETING,,
MARKETING,DIRECTORY/MAILING LISTS,,
MARKETING,EVENTS/TRADESHOWS,,
MARKETING,LEAD GENERATION,,
MARKETING,MEDIA/ADVERTISING,MUSIC PUBLISHING,
MARKETING,MEDIA/ADVERTISING,RADIO ADVERTISING,
MARKETING,MEDIA/ADVERTISING,TV ADVERTISING,
MARKETING,MEDIA/ADVERTISING,VIDEO/SOUND SERVICES,OTHER SOUND PRODUCTION
MARKETING,MEDIA/ADVERTISING,VIDEO/SOUND SERVICES,OTHER VIDEO/SOUND
MARKETING,MEDIA/ADVERTISING,VIDEO/SOUND SERVICES,POST PRODUCTION
MARKETING,MEDIA/ADVERTISING,VIDEO/SOUND SERVICES,RECORD PRODUCTION/DISTRIBUTION
MARKETING,MEDIA/ADVERTISING,VIDEO/SOUND SERVICES,SOUND STUDIO
MARKETING,MEDIA/ADVERTISING,VIDEO/SOUND SERVICES,VIDEO DISTRIBUTION
MARKETING,MEDIA/ADVERTISING,VIDEO/SOUND SERVICES,VIDEO PRODUCTION
MARKETING,OUT OF HOME,,
MARKETING,PHOTOGRAPHY,,
MARKETING,PRINT/DISPLAYS/DIRECT MAIL,,
MARKETING,PROMOTIONAL PRODUCTS,,
MARKETING,PUBLIC RELATIONS,,
MARKETING,RESEARCH,,
MARKETING,SEO SEARCH ENGINE OPTIMIZATION,,
MARKETING,SIGNAGE,,
MARKETING,SOCIAL MEDIA/INFLUENCER,,
MRO/OEM,ELECTRICAL MRO,ELECTRICAL MATERIALS,
MRO/OEM,GENERAL MRO,HARDWARE AND BUILDING SUPPLIES,HARDWARE & BUILDING SUPPLIES
MRO/OEM,GENERAL MRO,JANSAN/CLEANING,
MRO/OEM,GENERAL MRO,LIGHTING,
MRO/OEM,GENERAL MRO,SAFETY/PPE,
MRO/OEM,GENERAL MRO,TOOLS AND EQUIPMENT,
MRO/OEM,INDUSTRIAL GASES,,
MRO/OEM,INTEGRATED SUPPLY,,
MRO/OEM,MATERIAL HANDLING,CONVEYOR,
MRO/OEM,MATERIAL HANDLING,CRANE,
MRO/OEM,MATERIAL HANDLING,TIRES,
MRO/OEM,MEASUREMENT AND CONTROLS INSTRUMENTS,ELECTRICITY TESTING EQUIPMENT,
MRO/OEM,MEASUREMENT AND CONTROLS INSTRUMENTS,ENVIRONMENTAL CONTROLS,
MRO/OEM,MEASUREMENT AND CONTROLS INSTRUMENTS,FLUID METERS,
MRO/OEM,MEASUREMENT AND CONTROLS INSTRUMENTS,LABORATORY EQUIPMENT,
MRO/OEM,MEASUREMENT AND CONTROLS INSTRUMENTS,MEASURING INSTRUMENTS,
MRO/OEM,MEASUREMENT AND CONTROLS INSTRUMENTS,NAVIGATION INSTRUMENTS,
MRO/OEM,MEASUREMENT AND CONTROLS INSTRUMENTS,OTHER MEASUREMENT AND CONTROLS,
MRO/OEM,MEASUREMENT AND CONTROLS INSTRUMENTS,RADIATION MEASURING EQUIPMENT,
MRO/OEM,MECHANICAL MRO,BEARINGS,
MRO/OEM,MECHANICAL MRO,COMPRESSORS AND PUMPS,
MRO/OEM,MECHANICAL MRO,HYDRAULICS,
MRO/OEM,MECHANICAL MRO,PNEUMATICS,
MRO/OEM,MECHANICAL MRO,POWER TRANSMISSION,BELTS
MRO/OEM,MECHANICAL MRO,POWER TRANSMISSION,DRIVE CHAIN
MRO/OEM,MECHANICAL MRO,POWER TRANSMISSION,MOTORS
MRO/OEM,MECHANICAL MRO,POWER TRANSMISSION,OTHER POWER TRANSMISSION
MRO/OEM,PLUMBING,PIPES VALVES FITTINGS,OTHER FITTINGS
MRO/OEM,PLUMBING,PIPES VALVES FITTINGS,PIPE
MRO/OEM,PLUMBING,PIPES VALVES FITTINGS,VALVES
MRO/OEM,PLUMBING,PLUMBING FIXTURES,
MRO/OEM,PLUMBING,RUBBER PRODUCTS,
MRO/OEM,REPAIR AND MAINTENANCE SERVICES,APPLIANCE,
MRO/OEM,REPAIR AND MAINTENANCE SERVICES,AUTOMOTIVE,
MRO/OEM,REPAIR AND MAINTENANCE SERVICES,COMMERCIAL EQUIPMENT,
MRO/OEM,REPAIR AND MAINTENANCE SERVICES,ELECTRONICS,
MRO/OEM,REPAIR AND MAINTENANCE SERVICES,FURNITURE,
MRO/OEM,REPAIR AND MAINTENANCE SERVICES,HOUSEHOLD ITEMS,
MRO/OEM,REPAIR AND MAINTENANCE SERVICES,SHOES/LEATHER,
MRO/OEM,SPECIALTY MRO/OEM,ABRASIVES,
MRO/OEM,SPECIALTY MRO/OEM,CUTTING TOOLS,
MRO/OEM,SPECIALTY MRO/OEM,FASTENERS,
MRO/OEM,SPECIALTY MRO/OEM,WELDING,
OUTSOURCE,CONTRACT FILLING COFILL,FOOD/BEVERAGE,BEER/SELTZER
OUTSOURCE,CONTRACT FILLING COFILL,FOOD/BEVERAGE,FOOD
OUTSOURCE,CONTRACT FILLING COFILL,FOOD/BEVERAGE,SPIRITS
OUTSOURCE,CONTRACT FILLING COFILL,FOOD/BEVERAGE,WINE
OUTSOURCE,CONTRACT FILLING COFILL,HOUSEHOLD,
OUTSOURCE,CONTRACT FILLING COFILL,INDUSTRIAL/AUTOMOTIVE,
OUTSOURCE,CONTRACT FILLING COFILL,PERSONAL CARE,
OUTSOURCE,CONTRACT MANUFACTURING COMAN,FINISHED GOODS,
OUTSOURCE,CONTRACT PACKAGING COPACK,KITTING/ASSEMBLY,
OUTSOURCE,OUTSIDE PROCESSES,METAL FINISHING,ENGRAVING
OUTSOURCE,OUTSIDE PROCESSES,METAL FINISHING,HEAT TREATING
OUTSOURCE,OUTSIDE PROCESSES,METAL FINISHING,PLATING
PACKAGING,FIBER/WOOD PACKAGING,CHIPBOARD/FOLDING CARTONS,
PACKAGING,FIBER/WOOD PACKAGING,CORRUGATED CARTONS,
PACKAGING,FIBER/WOOD PACKAGING,OTHER PAPER PRODUCTS,
PACKAGING,FIBER/WOOD PACKAGING,PALLETS/CRATING,
PACKAGING,FIBER/WOOD PACKAGING,PAPER BAGS,
PACKAGING,FIBER/WOOD PACKAGING,POP/DISPLAYS,
PACKAGING,FIBER/WOOD PACKAGING,TUBES/CORES,
PACKAGING,FLEXIBLE PACKAGING,LABELS,
PACKAGING,FLEXIBLE PACKAGING,POLY/LUMBER COVERS,
PACKAGING,FLEXIBLE PACKAGING,POUCHES/POLY BAGS/SACHETS,
PACKAGING,FLEXIBLE PACKAGING,ROLLSTOCK/FILM,
PACKAGING,FLEXIBLE PACKAGING,SQUEEZE TUBES,
PACKAGING,RIGID PACKAGING,BOTTLES & JARS,ALUMINUM BOTTLES
PACKAGING,RIGID PACKAGING,BOTTLES & JARS,GLASS BOTTLES & JARS
PACKAGING,RIGID PACKAGING,BOTTLES & JARS,PLASTIC BOTTLES & JARS
PACKAGING,RIGID PACKAGING,CANS,AEROSOL ACCESSORIES VALVES ACTUATORS
PACKAGING,RIGID PACKAGING,CANS,AEROSOLS ALUMINUM
PACKAGING,RIGID PACKAGING,CANS,AEROSOLS STEEL/TINPLATE
PACKAGING,RIGID PACKAGING,CANS,CAN LIDS & COVERS
PACKAGING,RIGID PACKAGING,CANS,GENERAL LINE/TINPLATE CONTAINERS
PACKAGING,RIGID PACKAGING,CANS,PLASTIC CANS
PACKAGING,RIGID PACKAGING,CAPS PUMPS & SPRAYERS/TRIGGERS,CAPS & CLOSURES
PACKAGING,RIGID PACKAGING,CAPS PUMPS & SPRAYERS/TRIGGERS,DISPENSING PUMPS
PACKAGING,RIGID PACKAGING,CAPS PUMPS & SPRAYERS/TRIGGERS,SPRAYERS/TRIGGERS
PACKAGING,RIGID PACKAGING,DRUMS/IBC TOTES,DRUM AND TOTE ACCESSORIES
PACKAGING,RIGID PACKAGING,DRUMS/IBC TOTES,FIBER DRUMS
PACKAGING,RIGID PACKAGING,DRUMS/IBC TOTES,IBC TOTES
PACKAGING,RIGID PACKAGING,DRUMS/IBC TOTES,METAL DRUMS
PACKAGING,RIGID PACKAGING,DRUMS/IBC TOTES,PLASTIC DRUMS
PACKAGING,RIGID PACKAGING,PAILS/TUBS,PLASTIC PAILS
PACKAGING,RIGID PACKAGING,PAILS/TUBS,STEEL PAILS
PACKAGING,SHIPPING SUPPLIES,ADHESIVES AND TAPES,ADHESIVES & TAPES
PACKAGING,SHIPPING SUPPLIES,ENVELOPES/MAILERS,
PACKAGING,SHIPPING SUPPLIES,PROTECTIVE PRODUCTS/DUNNAGE,
PACKAGING,SHIPPING SUPPLIES,SHRINK WRAP AND EQUIPMENT,SHRINK WRAP & EQUIPMENT
PACKAGING,SHIPPING SUPPLIES,STRAPPING/EDGE PROTECTION,
PACKAGING,SHIPPING SUPPLIES,STRETCH WRAP & EQUIPMENT,
PLANT PROPERTY EQUIPMENT,APPLIANCE AND ELECTRICAL EQUIPMENT,COMMERCIAL LIGHTING,
PLANT PROPERTY EQUIPMENT,BOILER/HEAT EXCHANGER,,
PLANT PROPERTY EQUIPMENT,CONSTRUCTION,,
PLANT PROPERTY EQUIPMENT,ELECTRICAL EQUIPMENT,MOTORS AND GENERATORS,
PLANT PROPERTY EQUIPMENT,ELECTRICAL EQUIPMENT,POWER DISTRIBUTION AND TRANSFORMERS,
PLANT PROPERTY EQUIPMENT,ELECTRICAL EQUIPMENT,RELAYS,
PLANT PROPERTY EQUIPMENT,ELECTRICAL EQUIPMENT,SWITCHGEAR,
PLANT PROPERTY EQUIPMENT,ELECTRONICS PRODUCTION EQUIPMENT,WAFER PROCESSING EQUIPMENT,ETCHING SYSTEMS
PLANT PROPERTY EQUIPMENT,ELEVATOR/ESCALATOR,,
PLANT PROPERTY EQUIPMENT,FARM/CONSTRUCTION/MINING EQUIPMENT,CONSTRUCTION EQUIPMENT,
PLANT PROPERTY EQUIPMENT,FARM/CONSTRUCTION/MINING EQUIPMENT,FARM EQUIPMENT,
PLANT PROPERTY EQUIPMENT,FARM/CONSTRUCTION/MINING EQUIPMENT,LAWN AND GARDEN EQUIPMENT,
PLANT PROPERTY EQUIPMENT,FARM/CONSTRUCTION/MINING EQUIPMENT,MINING/OIL & GAS EQUIPMENT,
PLANT PROPERTY EQUIPMENT,FURNACE,,
PLANT PROPERTY EQUIPMENT,HVAC EQUIPMENT,AIR CONDITIONERS,
PLANT PROPERTY EQUIPMENT,HVAC EQUIPMENT,FANS/BLOWERS,
PLANT PROPERTY EQUIPMENT,HVAC EQUIPMENT,HEATERS,
PLANT PROPERTY EQUIPMENT,HYDRAULIC EQUIPMENT,,
PLANT PROPERTY EQUIPMENT,INDUSTRIAL MACHINERY,FOOD MACHINERY,
PLANT PROPERTY EQUIPMENT,INDUSTRIAL MACHINERY,PULP AND PAPER MACHINERY,
PLANT PROPERTY EQUIPMENT,MEASURING/DISPENSING EQUIPMENT,,
PLANT PROPERTY EQUIPMENT,METAL TANKS,,
PLANT PROPERTY EQUIPMENT,METALWORKING EQUIPMENT,GEAR,
PLANT PROPERTY EQUIPMENT,METALWORKING EQUIPMENT,MOLDS,
PLANT PROPERTY EQUIPMENT,METALWORKING EQUIPMENT,ROLLING,
PLANT PROPERTY EQUIPMENT,METALWORKING EQUIPMENT,TOOL/DIE,
PLANT PROPERTY EQUIPMENT,METALWORKING EQUIPMENT,TURBINE,
PLANT PROPERTY EQUIPMENT,OFFICE EQUIPMENT,,
PLANT PROPERTY EQUIPMENT,PACKAGING EQUIPMENT,,
PLANT PROPERTY EQUIPMENT,TRANSPORTATION EQUIPMENT,,
PROFESSIONAL SERVICES,ARMORED CAR SERVICES,,
PROFESSIONAL SERVICES,BUILDING INSPECTION,,
PROFESSIONAL SERVICES,BUILDING REGULATIONS,ARCHITECTURE,
PROFESSIONAL SERVICES,DEATH CARE,CEMETARY,
PROFESSIONAL SERVICES,DEATH CARE,FUNERAL HOMES,
PROFESSIONAL SERVICES,DRAFTING,,
PROFESSIONAL SERVICES,DRILLING SERVICES,OIL AND GAS DRILLING,
PROFESSIONAL SERVICES,ENGINEERING,,
PROFESSIONAL SERVICES,ENVIRONMENTAL,,
PROFESSIONAL SERVICES,EXTRACTION SERVICES,CRUDE OIL EXTRACTION,
PROFESSIONAL SERVICES,EXTRACTION SERVICES,NATURAL GAS EXTRACTION,
PROFESSIONAL SERVICES,EXTRACTION/MINING SUPPORT SERVICES,COAL MINING SUPPORT SERVICES,
PROFESSIONAL SERVICES,EXTRACTION/MINING SUPPORT SERVICES,METAL MINING SUPPORT SERVICES,
PROFESSIONAL SERVICES,EXTRACTION/MINING SUPPORT SERVICES,NONMETAL MINING SUPPORT SERVICES,
PROFESSIONAL SERVICES,EXTRACTION/MINING SUPPORT SERVICES,OIL AND GAS SUPPORT SERVICES,
PROFESSIONAL SERVICES,FINANCIAL SERVICES/BANKING,BANK HOLDING COMPANIES,
PROFESSIONAL SERVICES,FINANCIAL SERVICES/BANKING,BANKING,
PROFESSIONAL SERVICES,FINANCIAL SERVICES/BANKING,CLEARINGHOUSE,
PROFESSIONAL SERVICES,FINANCIAL SERVICES/BANKING,COLLECTION AGENCIES,
PROFESSIONAL SERVICES,FINANCIAL SERVICES/BANKING,COMMODITIES,
PROFESSIONAL SERVICES,FINANCIAL SERVICES/BANKING,CREDIT,
PROFESSIONAL SERVICES,FINANCIAL SERVICES/BANKING,CREDIT BUREAU,
PROFESSIONAL SERVICES,FINANCIAL SERVICES/BANKING,CREDIT CARDS,
PROFESSIONAL SERVICES,FINANCIAL SERVICES/BANKING,FINANCING/LEASING,OTHER FINANCING/LEASING
PROFESSIONAL SERVICES,FINANCIAL SERVICES/BANKING,FUNDS/TRUSTS,
PROFESSIONAL SERVICES,FINANCIAL SERVICES/BANKING,INVESTMENT BANKING,
PROFESSIONAL SERVICES,FINANCIAL SERVICES/BANKING,INVESTMENT MANAGEMENT,
PROFESSIONAL SERVICES,FINANCIAL SERVICES/BANKING,MORTGAGE,
PROFESSIONAL SERVICES,FINANCIAL SERVICES/BANKING,OTHER FINANCE,
PROFESSIONAL SERVICES,FINANCIAL SERVICES/BANKING,PENSION,
PROFESSIONAL SERVICES,FINANCIAL SERVICES/BANKING,SECURITY AND COMMODITY EXCHANGE SERVICES,
PROFESSIONAL SERVICES,GRAPHIC DESIGN,,
PROFESSIONAL SERVICES,INDUSTRIAL DESIGN,,
PROFESSIONAL SERVICES,INTERIOR DESIGN,,
PROFESSIONAL SERVICES,LANDSCAPE ARCHITECTURE,,
PROFESSIONAL SERVICES,LEGAL SERVICES,,
PROFESSIONAL SERVICES,MANAGEMENT CONSULTING,,
PROFESSIONAL SERVICES,MINING SERVICES,COAL MINING,
PROFESSIONAL SERVICES,MINING SERVICES,COPPER NICKEL LEAD ZINC MINING,
PROFESSIONAL SERVICES,MINING SERVICES,GOLD AND SILVER ORE MINING,
PROFESSIONAL SERVICES,MINING SERVICES,IRON ORE MINING,
PROFESSIONAL SERVICES,MINING SERVICES,OTHER METAL ORE MINING,
PROFESSIONAL SERVICES,PRIVATE EYE,,
PROFESSIONAL SERVICES,R&D,,
PROFESSIONAL SERVICES,REAL ESTATE APPRAISAL,,
PROFESSIONAL SERVICES,REAL ESTATE BROKER,,
PROFESSIONAL SERVICES,REAL ESTATE PROPERTY MANAGEMENT,,
PROFESSIONAL SERVICES,REPOSSESSION SERVICES,,
PROFESSIONAL SERVICES,SOCIAL SERVICES,CHILD CARE SERVICES,
PROFESSIONAL SERVICES,SOCIAL SERVICES,CHILD SERVICES,
PROFESSIONAL SERVICES,SOCIAL SERVICES,COMMUNITY HOUSING,
PROFESSIONAL SERVICES,SOCIAL SERVICES,ELDERLY/DISABLED SERVICES,
PROFESSIONAL SERVICES,SOCIAL SERVICES,EMERGENCY RELIEF,
PROFESSIONAL SERVICES,SOCIAL SERVICES,FAMILY SERVICES,
PROFESSIONAL SERVICES,SOCIAL SERVICES,FOOD BANKS,
PROFESSIONAL SERVICES,SOCIAL SERVICES,VOCATIONAL REHAB,
PROFESSIONAL SERVICES,SPECIALTY TECHNICAL CONSULTING,,
PROFESSIONAL SERVICES,SUBSIDIARY OFFICES,,
PROFESSIONAL SERVICES,SURVEYING,,
PROFESSIONAL SERVICES,TAX/AUDIT/CONSULTING,,
PROFESSIONAL SERVICES,TESTING/CERTIFICATION,,
PROFESSIONAL SERVICES,TITLE SERVICES,,
RAW MATERIALS,CHEMICALS,ACIDS,ACETIC ACIDS
RAW MATERIALS,CHEMICALS,ACIDS,ASCORBIC ACIDS
RAW MATERIALS,CHEMICALS,ACIDS,CARBOXYLIC ACIDS
RAW MATERIALS,CHEMICALS,ACIDS,CITRIC ACIDS FOOD GRADE
RAW MATERIALS,CHEMICALS,ACIDS,CITRIC ACIDS TECHNICAL GRADE
RAW MATERIALS,CHEMICALS,ACIDS,HYDROCHLORIC ACID
RAW MATERIALS,CHEMICALS,ACIDS,HYDROXY ACIDS
RAW MATERIALS,CHEMICALS,ACIDS,NITRIC ACIDS
RAW MATERIALS,CHEMICALS,ACIDS,PHOSPHORIC ACIDS
RAW MATERIALS,CHEMICALS,ACIDS,SULFURIC ACIDS
RAW MATERIALS,CHEMICALS,ADDITIVES AND MODIFIERS,ADDITIONAL ADDITIVES & MODIFIERS
RAW MATERIALS,CHEMICALS,ADDITIVES AND MODIFIERS,BOTANICAL EXTRACTS
RAW MATERIALS,CHEMICALS,ADDITIVES AND MODIFIERS,COLOR ADDITIVES
RAW MATERIALS,CHEMICALS,ADDITIVES AND MODIFIERS,DISPERSING ADDITIVES
RAW MATERIALS,CHEMICALS,ADDITIVES AND MODIFIERS,FOAMING AGENTS
RAW MATERIALS,CHEMICALS,ADDITIVES AND MODIFIERS,FOOD ADDITIVES & PRESERVATIVES
RAW MATERIALS,CHEMICALS,ADDITIVES AND MODIFIERS,FRACTURING & MINING FLUIDS
RAW MATERIALS,CHEMICALS,ADDITIVES AND MODIFIERS,INHIBITORS
RAW MATERIALS,CHEMICALS,ADDITIVES AND MODIFIERS,LUBRICANT ADDITIVES
RAW MATERIALS,CHEMICALS,ADDITIVES AND MODIFIERS,POLYMER ADDITIVES
RAW MATERIALS,CHEMICALS,ADDITIVES AND MODIFIERS,RHEOLOGY MODIFIERS
RAW MATERIALS,CHEMICALS,ADDITIVES AND MODIFIERS,SILICA
RAW MATERIALS,CHEMICALS,ADDITIVES AND MODIFIERS,SILICONE POLYURETHANE ADDITIVE
RAW MATERIALS,CHEMICALS,ADDITIVES AND MODIFIERS,SILICONE PRESSURE SENSITIVE ADHESIVES
RAW MATERIALS,CHEMICALS,ADDITIVES AND MODIFIERS,SILICONE RESINS
RAW MATERIALS,CHEMICALS,ADDITIVES AND MODIFIERS,SILICONE SILOXANE INTERMEDIARIES
RAW MATERIALS,CHEMICALS,ADDITIVES AND MODIFIERS,WAX ADDITIVES
RAW MATERIALS,CHEMICALS,CHELANTS,CHELATING AGENTS
RAW MATERIALS,CHEMICALS,CHELANTS,CORE LIQUID CHELATES
RAW MATERIALS,CHEMICALS,CHELANTS,GREEN CHELATES
RAW MATERIALS,CHEMICALS,CHELANTS,IRON CHELATES
RAW MATERIALS,CHEMICALS,CHELANTS,METAL CHELATES
RAW MATERIALS,CHEMICALS,CHELANTS,NITRILOTRIACETIC ACID
RAW MATERIALS,CHEMICALS,CHELANTS,SOLID EDTA
RAW MATERIALS,CHEMICALS,CHEMICAL DISTRIBUTION,
RAW MATERIALS,CHEMICALS,ENZYMES & MICROBES,ENZYMES
RAW MATERIALS,CHEMICALS,ENZYMES & MICROBES,MICROBES
RAW MATERIALS,CHEMICALS,ENZYMES & MICROBES,PLANT BASED PROTEINS
RAW MATERIALS,CHEMICALS,ESSENTIAL CHEMICALS & INGREDIENTS,ADDITIONAL ESSENTIALS
RAW MATERIALS,CHEMICALS,ESSENTIAL CHEMICALS & INGREDIENTS,BORATES
RAW MATERIALS,CHEMICALS,ESSENTIAL CHEMICALS & INGREDIENTS,CARBONATES
RAW MATERIALS,CHEMICALS,ESSENTIAL CHEMICALS & INGREDIENTS,CHLORALKALI
RAW MATERIALS,CHEMICALS,ESSENTIAL CHEMICALS & INGREDIENTS,FATS & OILS
RAW MATERIALS,CHEMICALS,ESSENTIAL CHEMICALS & INGREDIENTS,PHOSPHATES
RAW MATERIALS,CHEMICALS,ESSENTIAL CHEMICALS & INGREDIENTS,SALTS
RAW MATERIALS,CHEMICALS,ESSENTIAL CHEMICALS & INGREDIENTS,SODIUM HYDROXIDE CAUSTIC SODA NAOH LYE
RAW MATERIALS,CHEMICALS,ESSENTIAL CHEMICALS & INGREDIENTS,VITAMINS
RAW MATERIALS,CHEMICALS,INORGANIC,
RAW MATERIALS,CHEMICALS,OLEOCHEMICALS,ADDITIONAL OLEOCHEMICALS
RAW MATERIALS,CHEMICALS,OLEOCHEMICALS,FATTY ACIDS
RAW MATERIALS,CHEMICALS,OLEOCHEMICALS,FATTY ALCOHOLS
RAW MATERIALS,CHEMICALS,OLEOCHEMICALS,FATTY ESTERS
RAW MATERIALS,CHEMICALS,OLEOCHEMICALS,GLYCERIN
RAW MATERIALS,CHEMICALS,OLEOCHEMICALS,TALL OILS
RAW MATERIALS,CHEMICALS,OTHER CHEMICALS,
RAW MATERIALS,CHEMICALS,OXIDES,ADDITIONAL OXIDES
RAW MATERIALS,CHEMICALS,OXIDES,SILICON DIOXIDE
RAW MATERIALS,CHEMICALS,OXIDES,TITANIUM DIOXIDES
RAW MATERIALS,CHEMICALS,OXIDES,ZINC OXIDES
RAW MATERIALS,CHEMICALS,PAINTS/COATINGS,PAINT MATERIALS
RAW MATERIALS,CHEMICALS,PEROXIDES,HYDROGEN PEROXIDE
RAW MATERIALS,CHEMICALS,PROCESS AIDS,ADDITIONAL PROCESS AIDS
RAW MATERIALS,CHEMICALS,PROCESS AIDS,BIOCIDES
RAW MATERIALS,CHEMICALS,PROCESS AIDS,CATALYSTS
RAW MATERIALS,CHEMICALS,PROCESS AIDS,PLUG FLOW REACTOR
RAW MATERIALS,CHEMICALS,PROCESS AIDS,RETARDANTS & SUPPRESSANTS
RAW MATERIALS,CHEMICALS,PROPELLANTS,134A
RAW MATERIALS,CHEMICALS,PROPELLANTS,152A
RAW MATERIALS,CHEMICALS,PROPELLANTS,BUTANE
RAW MATERIALS,CHEMICALS,PROPELLANTS,DIMETHYL ETHER
RAW MATERIALS,CHEMICALS,PROPELLANTS,HFO
RAW MATERIALS,CHEMICALS,PROPELLANTS,HYDROCARBON
RAW MATERIALS,CHEMICALS,PROPELLANTS,ISOBUTANE
RAW MATERIALS,CHEMICALS,PROPELLANTS,ISOHEXANE
RAW MATERIALS,CHEMICALS,PROPELLANTS,OTHER PROPELLANT
RAW MATERIALS,CHEMICALS,PROPELLANTS,PROPANE
RAW MATERIALS,CHEMICALS,PROPELLANTS,PROPELLANT BLEND
RAW MATERIALS,CHEMICALS,SILICATES,POTASSIUM SILICATE
RAW MATERIALS,CHEMICALS,SILICATES,SODIUM METASILICATE
RAW MATERIALS,CHEMICALS,SILICATES,SODIUM SILICATE
RAW MATERIALS,CHEMICALS,SILICONES,RHEOLOGY MODIFIER
RAW MATERIALS,CHEMICALS,SILICONES,SILANES
RAW MATERIALS,CHEMICALS,SILICONES,SILICONE CLEANING SOLVENT
RAW MATERIALS,CHEMICALS,SILICONES,SILICONE ELASTOMERS
RAW MATERIALS,CHEMICALS,SILICONES,SILICONE EMULSIONS
RAW MATERIALS,CHEMICALS,SILICONES,SILICONE FLUIDS
RAW MATERIALS,CHEMICALS,SILICONES,SILICONE FOAM CONTROL
RAW MATERIALS,CHEMICALS,SILICONES,SILICONE GUM BLENDS
RAW MATERIALS,CHEMICALS,SILICONES,SILICONE METHYL SILOXANES
RAW MATERIALS,CHEMICALS,SILICONES,SILICONE POLYMERS
RAW MATERIALS,CHEMICALS,SODIUM/SALTS,POTASSIUM & TRIPOTASSIUM CITRATE
RAW MATERIALS,CHEMICALS,SODIUM/SALTS,SODIUM & TRISODIUM CITRATE
RAW MATERIALS,CHEMICALS,SODIUM/SALTS,SODIUM CHLORIDE
RAW MATERIALS,CHEMICALS,SODIUM/SALTS,SODIUM HYPOCHLORITE
RAW MATERIALS,CHEMICALS,SODIUM/SALTS,SODIUM NITRATE
RAW MATERIALS,CHEMICALS,SODIUM/SALTS,SODIUM NITRITE
RAW MATERIALS,CHEMICALS,SOLVENTS,ADDITIONAL SOLVENTS
RAW MATERIALS,CHEMICALS,SOLVENTS,ALCOHOLS
RAW MATERIALS,CHEMICALS,SOLVENTS,ALIPHATIC HYDROCARBONS
RAW MATERIALS,CHEMICALS,SOLVENTS,AMINES
RAW MATERIALS,CHEMICALS,SOLVENTS,ANIONICS
RAW MATERIALS,CHEMICALS,SOLVENTS,AROMATIC HYDROCARBONS
RAW MATERIALS,CHEMICALS,SOLVENTS,ESTERS
RAW MATERIALS,CHEMICALS,SOLVENTS,GLYCOL ETHERS
RAW MATERIALS,CHEMICALS,SOLVENTS,GLYCOLS
RAW MATERIALS,CHEMICALS,SOLVENTS,KETONES
RAW MATERIALS,CHEMICALS,SOLVENTS,VOC EXEMPT SOLVENTS
RAW MATERIALS,CHEMICALS,SPECIALTY CHEMICALS,EXPLOSIVES
RAW MATERIALS,CHEMICALS,SURFACTANTS,AMPHOTERICS
RAW MATERIALS,CHEMICALS,SURFACTANTS,BLENDED SURFACTANTS
RAW MATERIALS,CHEMICALS,SURFACTANTS,CATIONICS
RAW MATERIALS,CHEMICALS,SURFACTANTS,NONIONICS
RAW MATERIALS,CUSTOMER FURNISHED MATERIAL,,
RAW MATERIALS,LIME AND GYPSUM,GYPSUM,
RAW MATERIALS,LIME AND GYPSUM,LIME,
RAW MATERIALS,METALS,FERROUS METAL,CAST IRON
RAW MATERIALS,METALS,FERROUS METAL,OTHER FERROUS
RAW MATERIALS,METALS,FERROUS METAL,PIG IRON
RAW MATERIALS,METALS,FERROUS METAL,WROUGHT IRON
RAW MATERIALS,METALS,FERROUS METALS,ROLLED STEEL
RAW MATERIALS,METALS,FERROUS METALS,STAINLESS STEEL
RAW MATERIALS,METALS,FERROUS METALS,STEEL
RAW MATERIALS,METALS,FERROUS METALS,STEEL TUBE
RAW MATERIALS,METALS,FERROUS METALS,STEEL WIRE
RAW MATERIALS,METALS,NONFERROUS METALS,ALUMINUM
RAW MATERIALS,METALS,NONFERROUS METALS,COPPER/BRASS/BRONZE
RAW MATERIALS,METALS,NONFERROUS METALS,LEAD
RAW MATERIALS,METALS,NONFERROUS METALS,NICKEL
RAW MATERIALS,METALS,NONFERROUS METALS,OTHER NONFERROUS METALS
RAW MATERIALS,METALS,NONFERROUS METALS,TIN
RAW MATERIALS,METALS,NONFERROUS METALS,TITANIUM
RAW MATERIALS,METALS,NONFERROUS METALS,ZINC
RAW MATERIALS,METALS,NONFERROUS PRECIOUS METALS,COBALT
RAW MATERIALS,METALS,NONFERROUS PRECIOUS METALS,GOLD
RAW MATERIALS,METALS,NONFERROUS PRECIOUS METALS,LITHIUM
RAW MATERIALS,METALS,NONFERROUS PRECIOUS METALS,MERCURY
RAW MATERIALS,METALS,NONFERROUS PRECIOUS METALS,OTHER NONFERROUS PRECIOUS METALS
RAW MATERIALS,METALS,NONFERROUS PRECIOUS METALS,PLATINUM
RAW MATERIALS,METALS,NONFERROUS PRECIOUS METALS,SILVER
RAW MATERIALS,METALS,NONFERROUS PRECIOUS METALS,TUNGSTEN
RAW MATERIALS,METALS,NONFERROUS PRECIOUS METALS,ZIRCONIUM
RAW MATERIALS,NONMETALLIC MINERALS,OTHER NONMETALLIC MINERALS,
RAW MATERIALS,NONMETALLIC MINERALS,TREATED MINERALS,
RAW MATERIALS,OIL AND GAS,GENERAL OIL AND GAS,
RAW MATERIALS,PLASTICS,ABS,
RAW MATERIALS,PLASTICS,ACETAL,
RAW MATERIALS,PLASTICS,ACRYLIC,
RAW MATERIALS,PLASTICS,BUTYL RUBBER,
RAW MATERIALS,PLASTICS,COMPOUNDER,
RAW MATERIALS,PLASTICS,EPDM,
RAW MATERIALS,PLASTICS,EVA,
RAW MATERIALS,PLASTICS,FLUORPOLYMER,
RAW MATERIALS,PLASTICS,HIGH DENSITY POLYETHYLENE HDPE,
RAW MATERIALS,PLASTICS,LINEAR LOW DENSITY POLYETHYLENE LLDPE,
RAW MATERIALS,PLASTICS,LOW DENSITY POLYETHYLENE LDPE,
RAW MATERIALS,PLASTICS,MASTERBATCH,
RAW MATERIALS,PLASTICS,NEOPRENE,
RAW MATERIALS,PLASTICS,NYLON,
RAW MATERIALS,PLASTICS,OTHER PLASTICS,
RAW MATERIALS,PLASTICS,PC,
RAW MATERIALS,PLASTICS,PEEK,
RAW MATERIALS,PLASTICS,PEI,
RAW MATERIALS,PLASTICS,PLASTIC BLEND,
RAW MATERIALS,PLASTICS,PLASTIC/RESIN DISTRIBUTION,
RAW MATERIALS,PLASTICS,POLYESTER,
RAW MATERIALS,PLASTICS,POLYETHYLENE TEREPHTHALATE PET,
RAW MATERIALS,PLASTICS,POLYIMIDE,
RAW MATERIALS,PLASTICS,POLYPROPYLENE PP,
RAW MATERIALS,PLASTICS,POLYSTYRENE PS,
RAW MATERIALS,PLASTICS,POLYVINYL CHLORIDE PVC,
RAW MATERIALS,PLASTICS,PPE,
RAW MATERIALS,PLASTICS,PPO,
RAW MATERIALS,PLASTICS,PTFE,
RAW MATERIALS,PLASTICS,STYRENIC BLOCK COPOLYMERS,
RAW MATERIALS,PLASTICS,SYNTHETIC FIBERS,
RAW MATERIALS,PLASTICS,SYNTHETIC RUBBER,
RAW MATERIALS,PLASTICS,THERMOPLASTICS,
RAW MATERIALS,PLASTICS,TPE,
RAW MATERIALS,PLASTICS,TPU,
RAW MATERIALS,QUARRYING,CRUSHED STONE,GRANITE
RAW MATERIALS,QUARRYING,CRUSHED STONE,LIMESTONE
RAW MATERIALS,QUARRYING,CRUSHED STONE,OTHER CRUSHED STONE
RAW MATERIALS,QUARRYING,DIMENSION STONE,
RAW MATERIALS,QUARRYING,NONMETAL,
RAW MATERIALS,QUARRYING,SAND AND GRAVEL,SAND OR GRAVEL
RAW MATERIALS,RESINS,ACRYLIC RESIN,
RAW MATERIALS,RESINS,EPOXY,
RAW MATERIALS,RESINS,GELCOAT,
RAW MATERIALS,RESINS,HYDROCARBON RESINS,
RAW MATERIALS,RESINS,OTHER RESINS,
RAW MATERIALS,RESINS,PHENOLIC,
RAW MATERIALS,RESINS,PMMA,
RAW MATERIALS,RESINS,ROSIN,
RAW MATERIALS,RESINS,VINYLIC,
RAW MATERIALS,STONE FABRICATION,,
RAW MATERIALS,WOOD PRODUCTS,FIBER/PULP,PAPER ROLLSTOCK
RAW MATERIALS,WOOD PRODUCTS,WOOD/LUMBER,ENGINEERED WOOD
RAW MATERIALS,WOOD PRODUCTS,WOOD/LUMBER,LUMBER
RAW MATERIALS,WOOD PRODUCTS,WOOD/LUMBER,MILLED WOOD AND FLOORING
RAW MATERIALS,WOOD PRODUCTS,WOOD/LUMBER,OTHER WOOD PRODUCTS
RAW MATERIALS,WOOD PRODUCTS,WOOD/LUMBER,PLYWOOD/VENEERS
RAW MATERIALS,WOOD PRODUCTS,WOOD/LUMBER,RECONSTITUTED WOOD
RAW MATERIALS,WOOD PRODUCTS,WOOD/LUMBER,WOOD
TRAVEL,AIRTRAVEL,COMMERICIAL AIRFARE,
TRAVEL,AIRTRAVEL,PRIVATE AIRFARE,
TRAVEL,AIRTRAVEL,BAGGAGE/SEAT/INFLIGHT FEES,
TRAVEL,GROUND TRANSPORTATION,MILEAGE,
TRAVEL,GROUND TRANSPORTATION,FUEL,
TRAVEL,GROUND TRANSPORTATION,RENTAL CAR,
TRAVEL,GROUND TRANSPORTATION,TAXI/RIDESHARE/CAR SERVICE,
TRAVEL,GROUND TRANSPORTATION,PARKING AND TOLLS,
TRAVEL,GROUND TRANSPORTATION,PUBLIC TRANSIT/TRAIN/SHUTTLE,
TRAVEL,BOAT FARE,,
TRAVEL,BOOKING TOOL,,
TRAVEL,HOTEL/LODGING,HOTEL/SHORTTERM LODGING,
TRAVEL,HOTEL/LODGING,LODGING TAXES & RESORT FEES,
TRAVEL,MEALS/ENTERTAINMENT,,
TRAVEL,MEETINGS/EVENTS,,
TRAVEL,TMC/AGENCY FEES,,
TRAVEL,ADDITIONAL TRAVEL EXPENSES,VISA/PASSPORT FEES,
TRAVEL,ADDITIONAL TRAVEL EXPENSES,UNCODED TRAVEL,
REAL ESTATE,OTHER REAL ESTATE,,
REAL ESTATE,RENTS/LEASES,,
SUBSCRIPTIONS,PUBLISHING,MAGAZINES,
SUBSCRIPTIONS,PUBLISHING,NEWSPAPERS,
SUBSCRIPTIONS,PUBLISHING,OTHER PUBLISHING,
GENERAL/ADMIN,EMPLOYEE RELOCATION/MOBILITY,,
GENERAL/ADMIN,FLEET LEASE,,
GENERAL/ADMIN,FURNITURE,BLINDS,
GENERAL/ADMIN,FURNITURE,HOUSEHOLD FURNITURE,
GENERAL/ADMIN,FURNITURE,INSTITUTIONAL FURNITURE,
GENERAL/ADMIN,FURNITURE,MATTRESSES,
GENERAL/ADMIN,FURNITURE,OFFICE FURNITURE,
GENERAL/ADMIN,FURNITURE,OTHER FURNITURE,
GENERAL/ADMIN,GIFTS,,
GENERAL/ADMIN,INSURANCE,AGENCY/BROKERAGE SERVICES,
GENERAL/ADMIN,INSURANCE,CLAIMS ADJUSTING SERVICES,
GENERAL/ADMIN,INSURANCE,LIFE HEALTH MEDICAL,HEALTH AND WELFARE
GENERAL/ADMIN,INSURANCE,OTHER INSURANCE,
GENERAL/ADMIN,INSURANCE,PBM PHARMACY BENEFITS,
GENERAL/ADMIN,INSURANCE,PROPERTY/CASUALTY,
GENERAL/ADMIN,INSURANCE,REINSURANCE,
GENERAL/ADMIN,INSURANCE,TITLE,
GENERAL/ADMIN,MFD PRINTERS/COPIERS,,
GENERAL/ADMIN,MOVING EXPENSES,,
GENERAL/ADMIN,OFFICE SUPPLIES,,
GENERAL/ADMIN,PAYMENT PROCESSING,,
OTHER,BOARD COMPENSATION,,
OTHER,CUSTOMER INCENTIVES/REBATES,,
OTHER,GOVERNMENT,,
OTHER,INTERCOMPANY,,
OTHER,MANAGEMENT FEES,,
OTHER,MEMBERSHIP DUES,,
OTHER,RELIGIOUS ORGANIZATIONS,,
OTHER,SALARIES/WAGES/BONUSES,,
OTHER,SALES COMMISSIONS/ROYALTIES,,
OTHER,SPONSORSHIPS/DONATIONS,,
RAW MATERIALS,METALS,FERROUS BAR STOCK,CARBON STEEL BAR
RAW MATERIALS,METALS,FERROUS BAR STOCK,STAINLESS STEEL BAR
RAW MATERIALS,METALS,FERROUS BAR STOCK,ALLOY STEEL BAR
RAW MATERIALS,METALS,NON-FERROUS BAR STOCK,ALUMINUM BAR
RAW MATERIALS,METALS,NON-FERROUS BAR STOCK,BRASS ROD
RAW MATERIALS,METALS,NON-FERROUS BAR STOCK,COPPER ROD
RAW MATERIALS,METALS,SHEET AND PLATE,ALUMINUM SHEET
RAW MATERIALS,METALS,SHEET AND PLATE,STAINLESS SHEET
RAW MATERIALS,METALS,SHEET AND PLATE,STEEL PLATE
RAW MATERIALS,METALS,SHEET AND PLATE,COLD-ROLLED STEEL
RAW MATERIALS,METALS,SHEET AND PLATE,HOT-ROLLED STEEL
RAW MATERIALS,METALS,SPECIALTY ALLOYS,TITANIUM
RAW MATERIALS,METALS,SPECIALTY ALLOYS,INCONEL
RAW MATERIALS,METALS,SPECIALTY ALLOYS,HASTELLOY
RAW MATERIALS,METALS,TUBE,STEEL TUBE
RAW MATERIALS,METALS,TUBE,COPPER TUBE
RAW MATERIALS,PLASTICS,HDPE,
RAW MATERIALS,PLASTICS,LDPE,
RAW MATERIALS,PLASTICS,ACETAL,
RAW MATERIALS,PLASTICS,NYLON,
RAW MATERIALS,PLASTICS,POLYCARBONATE,
RAW MATERIALS,PLASTICS,ABS RESIN,
RAW MATERIALS,RUBBER,EPDM RUBBER,
RAW MATERIALS,RUBBER,NITRILE RUBBER,
RAW MATERIALS,RUBBER,SILICONE RUBBER,
RAW MATERIALS,RUBBER,VITON,
MRO/OEM,SPECIALTY MRO/OEM,COLLETS AND WORK HOLDING,5C COLLETS
MRO/OEM,SPECIALTY MRO/OEM,COLLETS AND WORK HOLDING,16C COLLETS
MRO/OEM,SPECIALTY MRO/OEM,COLLETS AND WORK HOLDING,22J COLLETS
MRO/OEM,SPECIALTY MRO/OEM,COLLETS AND WORK HOLDING,B42 (TF48) COLLETS
MRO/OEM,SPECIALTY MRO/OEM,COLLETS AND WORK HOLDING,TF20 SWISS COLLETS
MRO/OEM,SPECIALTY MRO/OEM,COLLETS AND WORK HOLDING,TD20 COLLETS
MRO/OEM,SPECIALTY MRO/OEM,COLLETS AND WORK HOLDING,12D BAR LOADER COLLETS
MRO/OEM,SPECIALTY MRO/OEM,COLLETS AND WORK HOLDING,EMERGENCY COLLETS
MRO/OEM,SPECIALTY MRO/OEM,GUIDE BUSHINGS,ROUND SMOOTH GUIDE BUSHINGS
MRO/OEM,SPECIALTY MRO/OEM,GUIDE BUSHINGS,EXTENDED NOSE GUIDE BUSHINGS
MRO/OEM,SPECIALTY MRO/OEM,GUIDE BUSHINGS,MEEHANITE GUIDE BUSHINGS
MRO/OEM,SPECIALTY MRO/OEM,GUIDE BUSHINGS,TD20R GUIDE BUSHINGS
MRO/OEM,SPECIALTY MRO/OEM,GUIDE BUSHINGS,TD32 GUIDE BUSHINGS
MRO/OEM,SPECIALTY MRO/OEM,THREAD INSERTS,HELICOILS
MRO/OEM,SPECIALTY MRO/OEM,THREAD INSERTS,KEENSERTS
MRO/OEM,SPECIALTY MRO/OEM,THREAD INSERTS,WIRE THREAD INSERTS
MRO/OEM,SPECIALTY MRO/OEM,THREAD INSERTS,SELF-CLINCHING FASTENERS
MRO/OEM,SPECIALTY MRO/OEM,TOOLHOLDERS AND RETENTION,CAT TOOLHOLDERS
MRO/OEM,SPECIALTY MRO/OEM,TOOLHOLDERS AND RETENTION,HSK TOOLHOLDERS
MRO/OEM,SPECIALTY MRO/OEM,TOOLHOLDERS AND RETENTION,ER COLLET NUTS
MRO/OEM,SPECIALTY MRO/OEM,TOOLHOLDERS AND RETENTION,RETENTION KNOBS
MRO/OEM,SPECIALTY MRO/OEM,TOOLHOLDERS AND RETENTION,DRAWBARS
MRO/OEM,SPECIALTY MRO/OEM,BORING TOOLS,BORING BARS
MRO/OEM,SPECIALTY MRO/OEM,BORING TOOLS,BORING HEADS
MRO/OEM,SPECIALTY MRO/OEM,BORING TOOLS,MICRO-BORING TOOLS
MRO/OEM,MEASUREMENT AND CONTROLS INSTRUMENTS,GAUGES AND STANDARDS,THREAD RING GAUGES
MRO/OEM,MEASUREMENT AND CONTROLS INSTRUMENTS,GAUGES AND STANDARDS,THREAD PLUG GAUGES
MRO/OEM,MEASUREMENT AND CONTROLS INSTRUMENTS,GAUGES AND STANDARDS,PLAIN PLUG GAUGES
MRO/OEM,MEASUREMENT AND CONTROLS INSTRUMENTS,GAUGES AND STANDARDS,PIN GAUGES
MRO/OEM,MEASUREMENT AND CONTROLS INSTRUMENTS,GAUGES AND STANDARDS,GAGE BLOCKS
MRO/OEM,MEASUREMENT AND CONTROLS INSTRUMENTS,PRECISION MEASURING TOOLS,MICROMETERS
MRO/OEM,MEASUREMENT AND CONTROLS INSTRUMENTS,PRECISION MEASURING TOOLS,CALIPERS
MRO/OEM,MEASUREMENT AND CONTROLS INSTRUMENTS,PRECISION MEASURING TOOLS,HEIGHT GAUGES
MRO/OEM,MEASUREMENT AND CONTROLS INSTRUMENTS,PRECISION MEASURING TOOLS,BORE GAUGES
MRO/OEM,MEASUREMENT AND CONTROLS INSTRUMENTS,PRECISION MEASURING TOOLS,INDICATORS
MRO/OEM,GENERAL MRO,3D PRINTING SUPPLIES,PLA FILAMENT
MRO/OEM,GENERAL MRO,3D PRINTING SUPPLIES,ABS FILAMENT
MRO/OEM,GENERAL MRO,3D PRINTING SUPPLIES,PETG FILAMENT
MRO/OEM,GENERAL MRO,3D PRINTING SUPPLIES,CPE FILAMENT
MRO/OEM,GENERAL MRO,3D PRINTING SUPPLIES,NYLON FILAMENT
MRO/OEM,GENERAL MRO,3D PRINTING SUPPLIES,TPU FILAMENT
MRO/OEM,GENERAL MRO,3D PRINTING SUPPLIES,PRINT CORES AND NOZZLES
MRO/OEM,GENERAL MRO,3D PRINTING SUPPLIES,BUILD PLATES
OUTSOURCE,SURFACE FINISHING,ANODIZING,TYPE II ANODIZE
OUTSOURCE,SURFACE FINISHING,ANODIZING,TYPE III HARD ANODIZE
OUTSOURCE,SURFACE FINISHING,ANODIZING,CHROMIC ACID ANODIZE
OUTSOURCE,SURFACE FINISHING,ANODIZING,COLOR ANODIZE
OUTSOURCE,SURFACE FINISHING,ANODIZING,OXALIC ACID ANODIZE
OUTSOURCE,SURFACE FINISHING,PLATING,ELECTROLESS NICKEL
OUTSOURCE,SURFACE FINISHING,PLATING,HARD CHROME
OUTSOURCE,SURFACE FINISHING,PLATING,ZINC PLATING
OUTSOURCE,SURFACE FINISHING,PLATING,GOLD PLATING
OUTSOURCE,SURFACE FINISHING,PLATING,SILVER PLATING
OUTSOURCE,SURFACE FINISHING,COATING,POWDER COATING
OUTSOURCE,SURFACE FINISHING,COATING,TEFLON COATING
OUTSOURCE,SURFACE FINISHING,COATING,CERAMIC COATING
OUTSOURCE,SURFACE FINISHING,COATING,E-COATING
OUTSOURCE,SURFACE FINISHING,COATING,NIPPON FUSSO COATING
OUTSOURCE,SURFACE FINISHING,SURFACE PREPARATION,BEAD BLASTING
OUTSOURCE,SURFACE FINISHING,SURFACE PREPARATION,GRIT BLASTING
OUTSOURCE,SURFACE FINISHING,SURFACE PREPARATION,PASSIVATION
OUTSOURCE,SURFACE FINISHING,SURFACE PREPARATION,TUMBLING
OUTSOURCE,SURFACE FINISHING,SURFACE PREPARATION,MASKING
